2022-03-25,京东南区域点(*),32
2022-03-25,京东南区域点(*),32
2022-03-25,亦庄开发区(*),27
2022-03-25,门头沟龙泉镇(*),19
2022-03-25,大兴黄村镇(*),28
2022-03-25,平谷镇(*),22
2022-03-25,房山良乡(*),28
2022-03-25,通州东关,22
2022-03-25,密云镇,20
2022-03-25,密云新城,18
2022-03-25,顺义新城,21
2022-03-25,大兴旧宫,26
2022-03-25,延庆镇(*),52
2022-03-25,延庆石河营,47
2022-03-25,延庆夏都,52
2022-03-25,丰台小屯,26
2022-03-25,朝阳农展馆,25
2022-03-25,农展馆,25
2022-03-25,东四,24
2022-03-25,东城东四,24
2022-03-25,海淀万柳,30
2022-03-25,海淀万柳,30
2022-03-25,怀柔镇,18
2022-03-25,平谷新城,21
2022-03-25,西城官园,30
2022-03-25,官园,30
2022-03-25,石景山古城,19
2022-03-25,古城,19
2022-03-25,东城天坛,24
2022-03-25,天坛,24
2022-03-25,怀柔新城,20
2022-03-25,门头沟三家店,20
2022-03-25,朝阳奥体中心,25
2022-03-25,奥体中心,25
2022-03-25,定陵,12
2022-03-25,丰台云岗,19
2022-03-25,昌平镇,14
2022-03-25,房山燕山,19
